Species;
Charybdis hellerii;
Cyprinus carpio;
Lissachatina fulica;
Aquarana catesbeiana;
Apis mellifera;
Callithrix jacchus;
Callithrix sp;
Cichla ocellaris;
Clarias gariepinus;
Columba livia;
Coptodon rendalli;
Cyprinus carpio;
Estrilda astrild;
Aquarana catesbeiana;
Oncorhynchus mykiss;
Oreochromis niloticus;
Passer domesticus;
Sus scrofa;
Trachemys scripta elegans;
Apis mellifera;
Coptodon rendalli;
Isognomon bicolor;
Lissachatina fulica;
Penaeus vannamei;
Mus musculus;
Passer domesticus;
Rattus norvegicus;
Apis mellifera;
Bubulcus ibis;
Cichla monoculus;
Columba livia;
Coptodon rendalli;
Estrilda astrild;
Lissachatina fulica;
Mus musculus;
Oreochromis niloticus;
Passer domesticus;
Poecilia reticulata;
Rattus norvegicus;
Rattus rattus;
Trachemys scripta elegans;
Apis mellifera;
Capra hircus;
Columba livia;
Coptodon rendalli;
Estrilda astrild;
Passer domesticus;
Isognomon bicolor;
Bubulcus ibis;
Carijoa riisei;
Cassiopea andromeda;
Charybdis hellerii;
Columba livia;
Estrilda astrild;
Hemidactylus mabouia;
Isognomon bicolor;
Ophiothela mirabilis;
Passer domesticus;
Temora turbinata;
Equus asinus;
Apis mellifera;
Bradybaena similaris;
Cichla ocellaris;
Clarias gariepinus;
Columba livia;
Coptodon rendalli;
Ctenopharyngodon idella;
Cyprinus carpio;
Hemidactylus mabouia;
Lepomis macrochirus;
Lepus europaeus;
Mus musculus;
Oreochromis niloticus;
Passer domesticus;
Phalloceros caudimaculatus reticulatus;
Poecilia reticulata;
Rattus norvegicus;
Rattus rattus;
Sus scrofa;
Trachemys dorbigni;
Trachemys scripta elegans;
Xiphophorus maculatus;
Bubulcus ibis;
Hemidactylus mabouia;
Sus scrofa;
Callithrix jacchus;
Callithrix penicillata;
Cichla kelberi;
Cichla monoculus;
Cichla ocellaris;
Clarias gariepinus;
Coptodon rendalli;
Ctenopharyngodon idella;
Cyprinus carpio;
Lissachatina fulica;
Oreochromis niloticus;
Phalloceros caudimaculatus reticulatus;
Rattus rattus;
Callithrix sp;
Mus musculus;
Nannostomus beckfordi;
Bubulcus ibis;
Charybdis hellerii;
Chromis limbata;
Columba livia;
Estrilda astrild;
Hemidactylus mabouia;
Isognomon bicolor;
Lepus europaeus;
Magallana gigas;
Opsanus beta;
Passer domesticus;
Trachemys scripta elegans;
Columba livia;
Estrilda astrild;
Isognomon bicolor;
Passer domesticus;
Pterois volitans;
Apis mellifera;
Callithrix jacchus;
Callithrix penicillata;
Cichla kelberi;
Coptodon rendalli;
Cyprinus carpio;
Aquarana catesbeiana;
Mus musculus;
Oncorhynchus mykiss;
Oryctolagus cuniculus;
Phalloceros caudimaculatus reticulatus;
Poecilia reticulata;
Rattus norvegicus;
Rattus rattus;
Trachemys scripta elegans;
Apis mellifera;
Callithrix jacchus;
Charybdis hellerii;
Columba livia;
Estrilda astrild;
Isognomon bicolor;
Lissachatina fulica;
Mus musculus;
Leiosolenus aristatus;
Passer domesticus;
Rattus norvegicus;
Rattus rattus;
Tubastraea coccinea;
Tubastraea tagusensis;
Apis mellifera;
Clarias gariepinus;
Hyphessobrycon eques;
Ictalurus punctatus;
Isognomon bicolor;
Limnoperna fortunei;
Lissachatina fulica;
Aquarana catesbeiana;
Penaeus vannamei;
Macrobrachium rosenbergii;
Oncorhynchus mykiss;
Oreochromis niloticus;
Rattus rattus;
Saccostrea cucullata;
Tubastraea coccinea;
Tubastraea tagusensis;
Apis mellifera;
Bubulcus ibis;
Canis familiaris;
Columba livia;
Felis catus;
Hemidactylus mabouia;
Lissachatina fulica;
Mus musculus;
Parachromis managuensis;
Passer domesticus;
Pheidole megacephala;
Pterois volitans;
Rattus norvegicus;
Rattus rattus;
Rhinella diptycha;
Salvator merianae;
Tropidurus hispidus ;
Wasmannia auropunctata;
Apis mellifera;
Callithrix sp;
Clarias gariepinus;
Colossoma macropomum;
Estrilda astrild;
Lissachatina fulica;
Mus musculus;
Passer domesticus;
Polycentropsis abbreviata ;
Trachemys dorbigni;
Apis mellifera;
Astronotus crassipinnis;
Bradybaena similaris;
Coptodon rendalli;
Limnoperna fortunei;
Lissachatina fulica;
Opsanus beta;
Oreochromis niloticus;
Callithrix sp;
Cichla ocellaris;
Columba livia;
Coptodon rendalli;
Estrilda astrild;
Oncorhynchus mykiss;
Oreochromis niloticus;
Passer domesticus;
Trachemys dorbigni;
Columba livia;
Apis mellifera;
Arapaima gigas;
Bubulcus ibis;
Cichla monoculus;
Columba livia;
Coptodon rendalli;
Cyprinus carpio;
Estrilda astrild;
Ictalurus punctatus;
Lissachatina fulica;
Aquarana catesbeiana;
Penaeus vannamei;
Mus musculus;
Oreochromis niloticus;
Oryctolagus cuniculus;
Passer domesticus;
Poecilia reticulata;
Pterois volitans;
Rattus norvegicus;
Rattus rattus;
Trachemys scripta elegans;
Bubulcus ibis;
Hemidactylus mabouia;
Apis mellifera;
Bubulcus ibis;
Passer domesticus;
Apis mellifera;
Columba livia;
Coptodon rendalli;
Ctenopharyngodon idella;
Hemidactylus mabouia;
Mus musculus;
Oreochromis niloticus;
Passer domesticus;
Pheidole megacephala;
Rattus norvegicus;
Rattus rattus;
Apis mellifera;
Callithrix jacchus;
Carassius auratus;
Cichla monoculus;
Clarias gariepinus;
Colossoma macropomum;
Columba livia;
Coptodon rendalli;
Corbicula fluminea;
Cyprinus carpio;
Estrilda astrild;
Hypophthalmichthys molitrix;
Lepomis macrochirus;
Micropterus salmoides;
Oreochromis niloticus;
Passer domesticus;
Phalloceros caudimaculatus reticulatus;
Poecilia reticulata;
Rattus rattus;
Roeboides descalvadensis;
Sus scrofa;
Trachemys scripta elegans;
Xiphophorus hellerii;
Xiphophorus maculatus;
Zaprionus indianus;
Cichla monoculus;
Corbicula fluminea;
Plagioscion squamosissimus;
Apis mellifera;
Axis axis;
Clarias gariepinus;
Columba livia;
Corbicula fluminea;
Lepus europaeus;
Passer domesticus;
Sturnus vulgaris;
Sus scrofa;
Acestrorhynchus pantaneiro ;
Ageneiosus inermis;
Apis mellifera;
Apistogramma commbrae;
Astronotus crassipinnis;
Bryconamericus exodon;
Callithrix penicillata;
Cichla kelberi;
Cichla monoculus;
Cichla piquiti;
Clarias gariepinus;
Coptodon rendalli;
Gymnotus pantanal;
Gymnotus paraguensis;
Hemiodus orthonops;
Leporinus macrocephalus;
Leporinus tigrinus;
Limnoperna fortunei;
Lissachatina fulica;
Loricariichthys platymetopon;
Loricariichthys rostratus;
Metynnis lippincottianus;
Ossancora eigenmanni;
Phalloceros caudimaculatus reticulatus;
Plagioscion squamosissimus;
Poecilia reticulata;
Pterodoras granulosus;
Pterygoplichthys ambrosettii;
Satanoperca setepele;
Serrasalmus marginatus;
Sorubim lima;
Sus scrofa;
Bubulcus ibis;
Callithrix geoffroyi;
Passer domesticus;
Poecilia reticulata;
Sus scrofa;
Trachemys scripta elegans;
Apis mellifera;
Cichla monoculus;
Pygocentrus nattereri;
Apis mellifera;
Bradybaena similaris;
Callithrix penicillata;
Callithrix sp;
Canis familiaris;
Columba livia;
Coptodon rendalli;
Estrilda astrild;
Hemidactylus mabouia;
Lepus europaeus;
Aquarana catesbeiana;
Mus musculus;
Oncorhynchus mykiss;
Oreochromis niloticus;
Passer domesticus;
Phalloceros caudimaculatus reticulatus;
Poecilia reticulata;
Rattus norvegicus;
Rattus rattus;
Sus scrofa;
Penaeus vannamei;
Mus musculus;
Rattus rattus;
Poecilia reticulata;
Aquarana catesbeiana;
Trachemys scripta elegans;
Bubulcus ibis;
Callithrix jacchus;
Estrilda astrild;
Poecilia reticulata;
Tubastraea coccinea;
Apis mellifera;
Callithrix jacchus;
Canis familiaris;
Columba livia;
Estrilda astrild;
Felis catus;
Hemidactylus mabouia;
Lepus europaeus;
Lissachatina fulica;
Corbicula fluminea;
Apis mellifera;
Callithrix penicillata;
Clarias gariepinus;
Columba livia;
Coptodon rendalli;
Oreochromis niloticus;
Passer domesticus;
Lepus europaeus;
Aquarana catesbeiana;
Passer domesticus;
Sus scrofa;
Apis mellifera;
Bubulcus ibis;
Columba livia;
Estrilda astrild;
Hemidactylus mabouia;
Passer domesticus;
Rattus norvegicus;
Bubulcus ibis;
Hemidactylus mabouia;
Oreochromis niloticus;
Bubulcus ibis;
Hemidactylus mabouia;
Oreochromis niloticus;
Passer domesticus;
Poecilia reticulata;
Apis mellifera;
Lepus europaeus;
Mus musculus;
Rattus norvegicus;
Rattus rattus;
Sus scrofa;
Apis mellifera;
Callithrix jacchus;
Columba livia;
Coptodon rendalli;
Estrilda astrild;
Passer domesticus;
Opsanus beta;
Apis mellifera;
Bubalus bubalis;
Hemidactylus mabouia;
Estrilda astrild;
Hemidactylus mabouia;
Passer domesticus;
Apis mellifera;
Bradybaena similaris;
Cichla kelberi;
Cichla monoculus;
Cichla piquiti;
Cichla temensis;
Clarias gariepinus;
Columba livia;
Coptodon rendalli;
Ctenopharyngodon idella;
Cyprinus carpio;
Hemidactylus mabouia;
Hoplosternum littorale;
Oreochromis niloticus;
Apis mellifera;
Bubulcus ibis;
Columba livia;
Corbicula fluminea;
Limnoperna fortunei;
Passer domesticus;
Charybdis hellerii;
Clavularia viridis;
Erythropodium caribaeorum;
Felis catus;
Isognomon bicolor;
Latissimia ningalooensis;
Leiosolenus aristatus;
Rattus rattus;
Styela plicata;
Tubastraea coccinea;
Tubastraea tagusensis;
Apis mellifera;
Capra hircus;
Mus musculus;
Oreochromis niloticus;
Rattus norvegicus;
Rattus rattus;
Axis axis;
Columba livia;
Corbicula fluminea;
Lepus europaeus;
Limnoperna fortunei;
Passer domesticus;
Phalloceros caudimaculatus reticulatus;
Sus scrofa;
Carijoa riisei;
Felis catus;
Isognomon bicolor;
Lissachatina fulica;
Ophiothela mirabilis;
Passer domesticus;
Apis mellifera;
Apis mellifera;
Canis familiaris;
Lepus europaeus;
Mus musculus;
Passer domesticus;
Apis mellifera;
Bubulcus ibis;
Isognomon bicolor;
Lissachatina fulica;
Leiosolenus aristatus;
Schizoporella errata;
Styela plicata;
Tubastraea coccinea;
Tubastraea tagusensis;
Bubulcus ibis;
Columba livia;
Estrilda astrild;
Lissachatina fulica;
Mus musculus;
Rattus rattus;
Apis mellifera;
Equus asinus;
Mus musculus;
Passer domesticus;
Rattus rattus;
Apis mellifera;
Hemidactylus mabouia;
Zaprionus indianus;
Sus scrofa;
Apis mellifera;
Columba livia;
Hemidactylus mabouia;
Passer domesticus;
Poecilia reticulata;
Sus scrofa;
Aquarana catesbeiana;
Apis mellifera;
Hypophthalmichthys nobilis;
Ctenopharyngodon idella;
Cyprinus carpio;
Estrilda astrild;
Hypophthalmichthys molitrix;
Lepus europaeus;
Aquarana catesbeiana;
Micropterus salmoides;
Oncorhynchus mykiss;
Passer domesticus;
Sus scrofa;
Trachemys scripta elegans;
Apis mellifera;
Felis catus;
Lepus europaeus;
Micropterus salmoides;
Myocastor coypus;
Oreochromis niloticus;
Passer domesticus;
Rattus rattus;
Sus scrofa;
Apis mellifera;
Astronotus ocellatus;
Cichla kelberi;
Colossoma macropomum;
Columba livia;
Coptodon rendalli;
Hemidactylus mabouia;
Lissachatina fulica;
Mus musculus;
Oreochromis niloticus;
Passer domesticus;
Plagioscion squamosissimus;
Rattus rattus;
Hemidactylus mabouia;
Zaprionus indianus;
Apis mellifera;
Hypophthalmichthys nobilis;
Bubulcus ibis;
Ctenopharyngodon idella;
Cyprinus carpio;
Hypophthalmichthys molitrix;
Aquarana catesbeiana;
Oreochromis niloticus;
Sus scrofa;
Apis mellifera;
Bradybaena similaris;
Hemidactylus mabouia;
Mus musculus;
Rattus norvegicus;
Bubulcus ibis;
Cichla monoculus;
Columba livia;
Coptodon rendalli;
Mus musculus;
Oreochromis niloticus;
Passer domesticus;
Oreochromis niloticus;
Apis mellifera;
Hypophthalmichthys nobilis;
Bubulcus ibis;
Coptodon rendalli;
Ctenopharyngodon idella;
Cyprinus carpio;
Hypophthalmichthys molitrix;
Aquarana catesbeiana;
Oreochromis niloticus;
Sus scrofa;
Apis mellifera;
Hypophthalmichthys nobilis;
Callithrix jacchus;
Callithrix penicillata;
Clarias gariepinus;
Columba livia;
Coptodon rendalli;
Cyprinus carpio;
Lepus europaeus;
Lissachatina fulica;
Mus musculus;
Passer domesticus;
Piaractus mesopotamicus;
Sus scrofa;
Trachemys scripta elegans;
Apis mellifera;
Clarias gariepinus;
Coptodon rendalli;
Cyprinus carpio;
Lepus europaeus;
Mus musculus;
Oreochromis niloticus;
Rattus norvegicus;
Rattus rattus;
Sus scrofa;
Bubulcus ibis;
Callithrix jacchus;
Columba livia;
Coptodon rendalli;
Estrilda astrild;
Passer domesticus;
Mus musculus;
Rattus norvegicus;
Apis mellifera;
Bubulcus ibis;
Callithrix jacchus;
Callithrix penicillata;
Callithrix sp;
Columba livia;
Estrilda astrild;
Lissachatina fulica;
Aquarana catesbeiana;
Poecilia reticulata;
Rattus norvegicus;
Rattus rattus;
Apis mellifera;
Coptodon rendalli;
Passer domesticus;
Bubulcus ibis;
Hemidactylus mabouia;
Aquarana catesbeiana;
Callithrix jacchus;
Callithrix penicillata;
Clarias gariepinus;
Colossoma macropomum;
Cyprinus carpio;
Mus musculus;
Oreochromis niloticus;
Poecilia reticulata;
Prochilodus lineatus;
Rattus norvegicus;
Apis mellifera;
Apis mellifera;
Columba livia;
Mus musculus;
Passer domesticus;
Rattus rattus;
Apis mellifera;
Callithrix jacchus;
Callithrix penicillata;
Estrilda astrild;
Oncorhynchus mykiss;
Passer domesticus;
Sus scrofa;
Hypophthalmichthys nobilis;
Ctenopharyngodon idella;
Cyprinus carpio;
Hypophthalmichthys molitrix;
Lepus europaeus;
Aquarana catesbeiana;
Mus musculus;
Oreochromis niloticus;
Rattus rattus;
Apis mellifera;
Cichla kelberi;
Apis mellifera;
Columba livia;
Lepus europaeus;
Mus musculus;
Apis mellifera;
Hypophthalmichthys nobilis;
Cichla monoculus;
Clarias gariepinus;
Ctenopharyngodon idella;
Hemidactylus mabouia;
Trachemys scripta elegans;
Apis mellifera;
Hypophthalmichthys nobilis;
Cichla monoculus;
Ctenopharyngodon idella;
Hemidactylus mabouia;
Poecilia reticulata;
Mus musculus;
Rattus norvegicus;
Apis mellifera;
Cyprinus carpio;
Lepus europaeus;
Micropterus salmoides;
Mus musculus;
Rattus norvegicus;
Sus scrofa;
Hemidactylus mabouia;
Apis mellifera;
Coptodon rendalli;
Cyprinus carpio;
Poecilia reticulata;
Sus scrofa;
Coptodon rendalli;
Apis mellifera;
Bradybaena similaris;
Apis mellifera;
Lepus europaeus;
Mus musculus;
Sus scrofa;
Bubulcus ibis;
Columba livia;
Apis mellifera;
Hemidactylus mabouia;
Rattus rattus;
Hemidactylus mabouia;
Callithrix jacchus;
Lissachatina fulica;
Mus musculus;
Passer domesticus;
Rattus rattus;
Bubulcus ibis;
Hemidactylus mabouia;
Hemidactylus mabouia;
Branchiomma luctuosum;
Didemnum perlucidum;
Hemidactylus mabouia;
Isognomon bicolor;
Megabalanus coccopoma;
Leiosolenus aristatus;
Ophiothela mirabilis;
Oryctolagus cuniculus;
Perna viridis;
Rattus norvegicus;
Schizoporella errata;
Styela plicata;
Tubastraea coccinea;
Tubastraea tagusensis;
Mus musculus;
Estrilda astrild;
Limnoperna fortunei;
Oreochromis niloticus;
Passer domesticus;
Poecilia reticulata;
Apis mellifera;
Hypophthalmichthys nobilis;
Cyprinus carpio;
Oreochromis niloticus;
Poecilia reticulata;
Clarias gariepinus;
Hemidactylus mabouia;
Apis mellifera;
Astronotus ocellatus;
Cichla monoculus;
Cichla temensis;
Equus asinus;
Hemidactylus mabouia;
Lissachatina fulica;
Mus musculus;
Oncorhynchus mykiss;
Passer domesticus;
Poecilia reticulata;
Rattus norvegicus;
Rattus rattus;
Apis mellifera;
Lissachatina fulica;
Sus scrofa;
Columba livia;
Oreochromis niloticus;
Passer domesticus;
Plagioscion squamosissimus;
Apis mellifera;
Bubulcus ibis;
Columba livia;
Apis mellifera;
Bubulcus ibis;
Lepus europaeus;
Passer domesticus;
Sus scrofa;
Apis mellifera;
Callithrix jacchus;
Callithrix sp;
Coptodon rendalli;
Felis catus;
Hemidactylus mabouia;
Oncorhynchus mykiss;
Passer domesticus;
Phalloceros caudimaculatus reticulatus;
Tubastraea coccinea;
Tubastraea tagusensis;
Apis mellifera;
Callithrix jacchus;
Coptodon rendalli;
Apis mellifera;
Callithrix jacchus;
Canis familiaris;
Cichla kelberi;
Columba livia;
Coptodon rendalli;
Hemidactylus mabouia;
Hoplias lacerdae;
Lepus europaeus;
Mus musculus;
Passer domesticus;
Poecilia reticulata;
Rattus norvegicus;
Rattus rattus;
Sus scrofa;
Capra hircus;
Apis mellifera;
Arapaima gigas;
Apis mellifera;
Passer domesticus;
Apis mellifera;
Apis mellifera;
Callithrix penicillata;
Coptodon rendalli;
Estrilda astrild;
Plagioscion squamosissimus;
Poecilia reticulata;
Sus scrofa;
Columba livia;
Bubulcus ibis;
Coptodon rendalli;
Hemidactylus mabouia;
Poecilia reticulata;
Apis mellifera;
Callithrix jacchus;
Callithrix penicillata;
Columba livia;
Coptodon rendalli;
Cyprinus carpio;
Estrilda astrild;
Lissachatina fulica;
Aquarana catesbeiana;
Mus musculus;
Oncorhynchus mykiss;
Passer domesticus;
Rattus norvegicus;
Rattus rattus;
Trachemys dorbigni;
Trachemys scripta elegans;
Bubulcus ibis;
Hemidactylus mabouia;
Zaprionus indianus;
Apis mellifera;
Callithrix jacchus;
Callithrix penicillata;
Callithrix sp;
Coptodon rendalli;
Estrilda astrild;
Hemidactylus mabouia;
Oncorhynchus mykiss;
Passer domesticus;
Phalloceros caudimaculatus reticulatus;
Rattus norvegicus;
Rattus rattus;
Apis mellifera;
Aquarana catesbeiana;
Hypophthalmichthys nobilis;
Bubalus bubalis;
Columba livia;
Ctenopharyngodon idella;
Cyprinus carpio;
Hypophthalmichthys molitrix;
Lepus europaeus;
Micropterus salmoides;
Mus musculus;
Oncorhynchus mykiss;
Passer domesticus;
Rattus norvegicus;
Rattus rattus;
Sus scrofa;
Callithrix jacchus;
Callithrix penicillata;
Cebus sp;
Columba livia;
Coptodon rendalli;
Cyprinus carpio;
Lissachatina fulica;
Mus musculus;
Oreochromis niloticus;
Passer domesticus;
Poecilia reticulata;
Rattus rattus;
Saimiri sp;
Trachemys dorbigni;
Trachemys scripta elegans;
Xiphophorus hellerii;
Xiphophorus maculatus;
Zaprionus indianus;
Apis mellifera;
Cyprinus carpio;
Lepus europaeus;
Aquarana catesbeiana;
Sus scrofa;
Rattus rattus;
Poecilia reticulata;
Apis mellifera;
Hypophthalmichthys nobilis;
Columba livia;
Ctenopharyngodon idella;
Cyprinus carpio;
Hypophthalmichthys molitrix;
Lepus europaeus;
Micropterus salmoides;
Mus musculus;
Oncorhynchus mykiss;
Passer domesticus;
Rattus norvegicus;
Rattus rattus;
Sus scrofa;
Apis mellifera;
Estrilda astrild;
Mus musculus;
Passer domesticus;
Rattus norvegicus;
Rattus rattus;
Apis mellifera;
Canis familiaris;
Cichla sp;
Coptodon rendalli;
Estrilda astrild;
Felis catus;
Mus musculus;
Passer domesticus;
Poecilia reticulata;
Rattus norvegicus;
Rattus rattus;
Zaprionus indianus;
Apis mellifera;
Bubulcus ibis;
Capra hircus;
Columba livia;
Mus musculus;
Oncorhynchus mykiss;
Passer domesticus;
Poecilia reticulata;
Rattus norvegicus;
Rattus rattus;
Zaprionus indianus;
Ageneiosus inermis;
Apis mellifera;
Cichla monoculus;
Clarias gariepinus;
Columba livia;
Coptodon rendalli;
Corbicula fluminea;
Cyprinus carpio;
Gymnotus pantanal;
Hemidactylus mabouia;
Limnoperna fortunei;
Aquarana catesbeiana;
Loricariichthys rostratus;
Oreochromis niloticus;
Ossancora eigenmanni;
Passer domesticus;
Plagioscion squamosissimus;
Pterodoras granulosus;
Trachemys scripta elegans;
Bubulcus ibis;
Equus asinus;
Penaeus vannamei;
Mus musculus;
Omobranchus punctatus;
Passer domesticus;
Pterois volitans;
Rattus rattus;
Apis mellifera;
Lissachatina fulica;
Apis mellifera;
Canis familiaris;
Lepus europaeus;
Oncorhynchus mykiss;
Sus scrofa;
Trachemys dorbigni;
Bubulcus ibis;
Columba livia;
Hemidactylus mabouia;
Passer domesticus;
Apis mellifera;
Estrilda astrild;
Hemidactylus mabouia;
Mus musculus;
Poecilia reticulata;
Coptodon rendalli;
Mus musculus;
Apis mellifera;
Bubalus bubalis;
Charybdis hellerii;
Penaeus monodon;
Pterois volitans;
Capra hircus;
Hemidactylus mabouia;
Oreochromis niloticus;
Rattus rattus;
Apis mellifera;
Bubulcus ibis;
Cichla monoculus;
Columba livia;
Ctenopharyngodon idella;
Estrilda astrild;
Lissachatina fulica;
Aquarana catesbeiana;
Mus musculus;
Oreochromis niloticus;
Oryctolagus cuniculus;
Passer domesticus;
Pheidole megacephala;
Poecilia reticulata;
Apis mellifera;
Cichla kelberi;
Columba livia;
Coptodon rendalli;
Corbicula fluminea;
Cordylophora caspia;
Cyprinus carpio;
Hemidactylus mabouia;
Lepus europaeus;
Limnoperna fortunei;
Aquarana catesbeiana;
Mus musculus;
Oreochromis niloticus;
Passer domesticus;
Phalloceros caudimaculatus reticulatus;
Rattus rattus;
Trachemys scripta elegans;
Apis mellifera;
Bubulcus ibis;
Callithrix penicillata;
Callithrix sp;
Estrilda astrild;
Felis catus;
Lepus europaeus;
Mus musculus;
Oncorhynchus mykiss;
Rattus norvegicus;
Rattus rattus;
Sus scrofa;
Apis mellifera;
Mus musculus;
Rattus norvegicus;
Rattus rattus;
Cichla piquiti;
Hemidactylus mabouia;
Limnoperna fortunei;
Hemidactylus mabouia;
Astyanax lacustris;
Bubulcus ibis;
Hemidactylus mabouia;
Lepus europaeus;
Mus musculus;
Sus scrofa;
Apis mellifera;
Cichla kelberi;
Oreochromis niloticus;
Coptodon rendalli;
Lissachatina fulica;
Passer domesticus;
Sus scrofa;
Apis mellifera;
Columba livia;
Apis mellifera;
Bubulcus ibis;
Capra hircus;
Columba livia;
Felis catus;
Hemidactylus mabouia;
Mus musculus;
Oreochromis niloticus;
Parachromis managuensis;
Passer domesticus;
Pheidole megacephala;
Pterois volitans;
Rattus norvegicus;
Rattus rattus;
Rhinella diptycha;
Salvator merianae;
Scinax x-signatus;
Wasmannia auropunctata;
Tubastraea coccinea;
Tubastraea tagusensis;
Hemidactylus mabouia;
Passer domesticus;
Rattus norvegicus;
Rattus rattus;
Mus musculus;
Rattus norvegicus;
Rattus rattus;
Hemidactylus mabouia;
Apis mellifera;
Bradybaena similaris;
Bubulcus ibis;
Canis familiaris;
Estrilda astrild;
Hemidactylus mabouia;
Mus musculus;
Passer domesticus;
Rattus rattus;
Bubulcus ibis;
Callithrix jacchus;
Columba livia;
Coptodon rendalli;
Estrilda astrild;
Hemidactylus mabouia;
Metynnis lippincottianus;
Mus musculus;
Passer domesticus;
Rattus rattus;
Sus scrofa;
Apis mellifera;
Passer domesticus;
Sus scrofa;
Apis mellifera;
Equus asinus;
Mus musculus;
Rattus rattus;
Ciona intestinalis;
Isognomon bicolor;
Leiosolenus aristatus;
Schizoporella errata;
Styela plicata;
Tubastraea coccinea;
Tubastraea tagusensis;
Bubulcus ibis;
Lepus europaeus;
Aquarana catesbeiana;
Mus musculus;
Rattus norvegicus;
Rattus rattus;
Sus scrofa;
Hemidactylus mabouia;
Isognomon bicolor;
Mus musculus;
Passer domesticus;
Pterois volitans;
Apis mellifera;
Callithrix penicillata;
Clarias gariepinus;
Hemidactylus mabouia;
Mus musculus;
Oreochromis niloticus;
Poecilia reticulata;
Rattus norvegicus;
Sus scrofa;
Apis mellifera;
Columba livia;
Mus musculus;
Passer domesticus;
Rattus norvegicus;
Rattus rattus;
Clarias gariepinus;
Coptodon rendalli;
Cyprinus carpio;
Lepus europaeus;
Mus musculus;
Oreochromis niloticus;
Sus scrofa;
Apis mellifera;
Lepus europaeus;
Aquarana catesbeiana;
Oreochromis niloticus;
Poecilia reticulata;
Sus scrofa;
Zaprionus indianus;
Bubulcus ibis;
Lissachatina fulica;
Passer domesticus;
Hemidactylus mabouia;
Bubulcus ibis;
Callithrix jacchus;
Callithrix penicillata;
Clarias gariepinus;
Columba livia;
Estrilda astrild;
Lissachatina fulica;
Mus musculus;
Oreochromis niloticus;
Passer domesticus;
Rattus norvegicus;
Rattus rattus;
Hemidactylus mabouia;
Rattus norvegicus;
Saimiri sp;
Apis mellifera;
Columba livia;
Hemidactylus mabouia;
Mus musculus;
Rattus norvegicus;
Rattus rattus;
Apis mellifera;
Callithrix jacchus;
Cichla kelberi;
Cichla monoculus;
Clarias gariepinus;
Coptodon rendalli;
Hemidactylus mabouia;
Aquarana catesbeiana;
Passer domesticus;
Poecilia reticulata;
Pygocentrus nattereri;
Apis mellifera;
Callithrix penicillata;
Cichla monoculus;
Cichla temensis;
Coptodon rendalli;
Mus musculus;
Poecilia reticulata;
Rattus rattus;
Bubulcus ibis;
Hemidactylus mabouia;
Apis mellifera;
Hemidactylus mabouia;
Arapaima gigas;
Bubalus bubalis;
Bubulcus ibis;
Passer domesticus;
Acestrorhynchus pantaneiro ;
Bubalus bubalis;
Bubulcus ibis;
Hemidactylus mabouia;
Rattus rattus;
Callithrix jacchus;
Callithrix penicillata;
Callithrix sp;
Cichla kelberi;
Cichla ocellaris;
Coptodon rendalli;
Estrilda astrild;
Felis catus;
Hemidactylus mabouia;
Passer domesticus;
Phalloceros caudimaculatus reticulatus;
Poecilia reticulata;
Rattus norvegicus;
Rattus rattus;
Xiphophorus maculatus;
Hemidactylus mabouia;
Mus musculus;
Passer domesticus;
Rattus norvegicus;
Rattus rattus;
Charybdis hellerii;
Hemidactylus mabouia;
Isognomon bicolor;
Schizoporella errata;
Tubastraea coccinea;
Mus musculus;
Rattus rattus;
Callithrix jacchus;
Callithrix penicillata;
Hemidactylus mabouia;
Lissachatina fulica;
Mus musculus;
Passer domesticus;
Rattus rattus;
Apis mellifera;
Bradybaena similaris;
Clarias gariepinus;
Columba livia;
Coptodon rendalli;
Estrilda astrild;
Lissachatina fulica;
Mus musculus;
Passer domesticus;
Penaeus monodon;
Bubulcus ibis;
Hemidactylus mabouia;
Apis mellifera;
Coptodon rendalli;
Passer domesticus;
Coptodon rendalli;
Penaeus monodon;
Apis mellifera;
Bradybaena similaris;
Charybdis hellerii;
Columba livia;
Coptodon rendalli;
Lissachatina fulica;
Penaeus vannamei;
Mus musculus;
Oreochromis niloticus;
Oryctolagus cuniculus;
Passer domesticus;
Rattus norvegicus;
Penaeus monodon;
Apis mellifera;
Bubulcus ibis;
Hemidactylus mabouia;
Rattus rattus;
Clarias gariepinus;
Oreochromis niloticus;
Columba livia;
Apis mellifera;
Columba livia;
Passer domesticus;
Rattus norvegicus;
Arapaima gigas;
Apis mellifera;
Columba livia;
Coptodon rendalli;
Lissachatina fulica;
Passer domesticus;
Penaeus monodon;
Hemidactylus mabouia;
Cichla ocellaris;
Columba livia;
Passer domesticus;
Bubulcus ibis;
Saccostrea cucullata;
Penaeus monodon;
Charybdis hellerii;
Macrobrachium rosenbergii;
Penaeus monodon;
Charybdis hellerii;
Triphyllozoon arcuatum;
Tubastraea coccinea;
Tubastraea tagusensis;
Cichla sp;
Corbicula fluminea;
Mus musculus;
Oreochromis niloticus;
Apis mellifera;
Bubalus bubalis;
Columba livia;
Coptodon rendalli;
Hemidactylus mabouia;
Macrobrachium rosenbergii;
Mus musculus;
Oreochromis niloticus;
Passer domesticus;
Rattus norvegicus;
Rattus rattus;
Ciona intestinalis;
Crassostrea gigas;
Eualetes tulipa;
Isognomon bicolor;
Ophiothela mirabilis;
Perna viridis;
Pterois volitans;
Schizoporella errata;
Styela plicata;
Tubastraea coccinea;
Tubastraea tagusensis;
Omobranchus punctatus;
Pterois volitans;
Penaeus monodon;
Penaeus monodon;
Callithrix penicillata;
Columba livia;
Estrilda astrild;
Mus musculus;
Passer domesticus;
Rattus norvegicus;
Rattus rattus;
Apis mellifera;
Apis mellifera;
Columba livia;
Passer domesticus;
Bubulcus ibis;
Hemidactylus mabouia;
Bubulcus ibis;
Hemidactylus mabouia;
Apis mellifera;
Hemidactylus mabouia;
Oreochromis niloticus;
Rattus norvegicus;
Macrobrachium rosenbergii;
Abrus precatorius;
Artocarpus heterophyllus;
Casuarina equisetifolia;
Eriobotrya japonica;
Furcraea foetida;
Hedychium coronarium;
Hovenia dulcis;
Hyparrhenia rufa;
Leucaena leucocephala;
Livistona chinensis;
Megathyrsus maximus;
Melinis minutiflora;
Momordica charantia;
Terminalia catappa;
Ulex europaeus;
Agave americana;
Melinis minutiflora;
Leucaena leucocephala;
Asparagus aethiopicus;
Carpobrotus acinaciformis;
Casuarina equisetifolia;
Cenchrus purpureus;
Eriobotrya japonica;
Furcraea foetida;
Hedychium coronarium;
Melinis minutiflora;
Persea americana;
Ricinus communis;
Tithonia diversifolia;
Urochloa brizantha;
Urochloa eminii;
Caulerpa scalpelliformis;
Megathyrsus maximus;
Artocarpus altilis;
Artocarpus heterophyllus;
Caulerpa scalpelliformis;
Coffea arabica;
Eriobotrya japonica;
Mangifera indica;
Morus nigra;
Persea americana;
Psidium guajava;
Sicyos edulis;
Syzygium jambos;
Casuarina equisetifolia;
Hovenia dulcis;
Impatiens walleriana;
Melinis minutiflora;
Prosopis juliflora;
Ulex europaeus;
Arundo donax;
Azadirachta indica;
Calotropis procera;
Cenchrus purpureus;
Cenchrus setaceus;
Cissus verticillata;
Crotalaria retusa;
Euphorbia tirucalli;
Hovenia dulcis;
Impatiens walleriana;
Jatropha curcas;
Jatropha gossypiifolia;
Lantana camara;
Leucaena leucocephala;
Megathyrsus maximus;
Melia azedarach;
Momordica charantia;
Ricinus communis;
Terminalia catappa;
Tithonia diversifolia;
Tradescantia zebrina;
Urochloa brizantha;
Urochloa plantaginea;
Vachellia farnesiana;
Acacia mangium;
Elaeis guineensis;
Leucaena leucocephala;
Melinis minutiflora;
Phyllostachys bambusoides;
Prosopis juliflora;
Artocarpus heterophyllus;
Dracaena fragrans;
Elaeis guineensis;
Hedychium coronarium;
Impatiens walleriana;
Megathyrsus maximus;
Musa balbisiana;
Psidium guajava;
Sansevieria trifasciata;
Artocarpus altilis;
Azadirachta indica;
Calotropis procera;
Casuarina equisetifolia;
Cenchrus echinatus;
Cenchrus purpureus;
Cryptostegia grandiflora;
Cynodon dactylon;
Elaeis guineensis;
Jatropha curcas;
Mangifera indica;
Parkinsonia aculeata;
Persea americana;
Psidium guajava;
Ricinus communis;
Sansevieria trifasciata;
Terminalia catappa;
Acacia mangium;
Leucaena leucocephala;
Megathyrsus maximus;
Melinis minutiflora;
Muntingia calabura;
Neustanthus phaseoloides;
Urochloa brizantha;
Urochloa eminii;
Andropogon gayanus;
Cenchrus pedicellatus;
Elaeis guineensis;
Hyparrhenia rufa;
Leucaena leucocephala;
Megathyrsus maximus;
Melinis minutiflora;
Ricinus communis;
Tithonia diversifolia;
Kalanchoe pinnata;
Psidium guajava;
Eragrostis plana;
Calotropis procera;
Cenchrus echinatus;
Cenchrus purpureus;
Hydrilla verticillata;
Leucaena leucocephala;
Megathyrsus maximus;
Melinis repens;
Momordica charantia;
Psidium guajava;
Syzygium cumini;
Urena lobata;
Urochloa subquadripara;
Bambusa vulgaris;
Coffea arabica;
Furcraea foetida;
Hedychium coronarium;
Mangifera indica;
Melinis minutiflora;
Andropogon gayanus;
Cestrum nocturnum;
Chloris gayana;
Citrus limon;
Citrus sinensis;
Coffea arabica;
Coix lacryma-jobi;
Crotalaria retusa;
Cupressus lusitanica;
Cynodon nlemfuensis;
Digitaria insularis;
Hedychium coronarium;
Hyparrhenia rufa;
Impatiens walleriana;
Megathyrsus maximus;
Melinis minutiflora;
Melinis repens;
Oeceoclades maculata;
Persea americana;
Pinus elliottii;
Psidium guajava;
Ricinus communis;
Sicyos edulis;
Tithonia diversifolia;
Urochloa brizantha;
Urochloa eminii;
Urochloa mutica;
Urochloa ruziziensis;
Christella dentata;
Mangifera indica;
Melinis minutiflora;
Impatiens walleriana;
Leucaena leucocephala;
Phyllostachys aurea;
Urochloa eminii;
Eriobotrya japonica;
Impatiens walleriana;
Leucaena leucocephala;
Mangifera indica;
Megathyrsus maximus;
Melia azedarach;
Momordica charantia;
Morus nigra;
Psidium guajava;
Syzygium jambos;
Tithonia diversifolia;
Eriobotrya japonica;
Hovenia dulcis;
Melia azedarach;
Rubus fruticosus;
Mangifera indica;
Melinis minutiflora;
Coffea arabica;
Impatiens walleriana;
Eriobotrya japonica;
Hovenia dulcis;
Ligustrum lucidum;
Pinus taeda;
Casuarina equisetifolia;
Eucalyptus robusta;
Pinus elliottii;
Pinus taeda;
Syzygium cumini;
Citrus limon;
Citrus sinensis;
Mangifera indica;
Artocarpus heterophyllus;
Dieffenbachia amoena;
Elaeis guineensis;
Acacia mangium;
Citrus limon;
Citrus sinensis;
Mangifera indica;
Psidium guajava;
Artocarpus heterophyllus;
Clitoria fairchildiana;
Mangifera indica;
Terminalia catappa;
Cenchrus purpureus;
Leucaena leucocephala;
Prosopis juliflora;
Cirsium vulgare;
Cynodon dactylon;
Ricinus communis;
Megathyrsus maximus;
Urochloa eminii;
Prosopis juliflora;
Furcraea foetida;
Citrus limon;
Mangifera indica;
Megathyrsus maximus;
Azadirachta indica;
Calotropis procera;
Elaeis guineensis;
Leucaena leucocephala;
Mangifera indica;
Megathyrsus maximus;
Sansevieria trifasciata;
Syzygium cumini;
Hedychium coronarium;
Hovenia dulcis;
Calotropis procera;
Mangifera indica;
Musa ornata;
Psidium guajava;
Urochloa brizantha;
Agave americana;
Andropogon gayanus;
Bidens pilosa;
Dracaena fragrans;
Eucalyptus grandis;
Melinis minutiflora;
Pinus caribaea;
Pinus oocarpa;
Syzygium cumini;
Urochloa eminii;
Acacia decurrens;
Crocosmia crocosmiiflora;
Hovenia dulcis;
Ligustrum sinense;
Lonicera japonica;
Pinus elliottii;
Pinus taeda;
Citrus limon;
Eriobotrya japonica;
Hedychium coronarium;
Hovenia dulcis;
Mangifera indica;
Melia azedarach;
Melinis minutiflora;
Phyllostachys aurea;
Pinus elliottii;
Pinus taeda;
Psidium guajava;
Ricinus communis;
Syzygium cumini;
Acacia mangium;
Leucaena leucocephala;
Megathyrsus maximus;
Melinis minutiflora;
Muntingia calabura;
Neustanthus phaseoloides;
Urochloa eminii;
Citrus limon;
Coffea arabica;
Agave americana;
Cenchrus purpureus;
Eriobotrya japonica;
Hedychium coronarium;
Hovenia dulcis;
Impatiens walleriana;
Ligustrum lucidum;
Pinus elliottii;
Pinus taeda;
Rubus rosifolius;
Tithonia diversifolia;
Acacia auriculiformis;
Leucaena leucocephala;
Megathyrsus maximus;
Oeceoclades maculata;
Urochloa eminii;
Urochloa humidicola;
Cenchrus purpureus;
Hedychium coronarium;
Urochloa eminii;
Urochloa humidicola;
Azadirachta indica;
Casuarina equisetifolia;
Cenchrus purpureus;
Citrus limon;
Cupressus lusitanica;
Cyperus rotundus;
Hovenia dulcis;
Leucaena leucocephala;
Mangifera indica;
Megathyrsus maximus;
Melia azedarach;
Melinis minutiflora;
Mimosa caesalpiniifolia;
Murraya paniculata;
Oeceoclades maculata;
Phyllostachys aurea;
Pinus elliottii;
Psidium guajava;
Ricinus communis;
Sansevieria trifasciata;
Syngonium podophyllum;
Tecoma stans;
Acacia decurrens;
Citrus limon;
Citrus sinensis;
Coreopsis tinctoria;
Cupressus lusitanica;
Eriobotrya japonica;
Eucalyptus grandis;
Eucalyptus viminalis;
Grevillea robusta;
Hovenia dulcis;
Impatiens walleriana;
Melia azedarach;
Pinus elliottii;
Pinus pinaster;
Spartium junceum;
Artocarpus heterophyllus;
Citrus limon;
Clitoria fairchildiana;
Corymbia citriodora;
Eucalyptus resinifera;
Eucalyptus robusta;
Grevillea banksii;
Grevillea robusta;
Hovenia dulcis;
Leucaena leucocephala;
Ligustrum lucidum;
Mangifera indica;
Melia azedarach;
Morus nigra;
Pittosporum undulatum;
Psidium guajava;
Syzygium cumini;
Syzygium jambos;
Syzygium malaccense;
Terminalia catappa;
Megathyrsus maximus;
Calotropis procera;
Prosopis juliflora;
Acacia mangium;
Calotropis procera;
Clitoria fairchildiana;
Leucaena leucocephala;
Megathyrsus maximus;
Muntingia calabura;
Thunbergia alata;
Tradescantia zebrina;
Mangifera indica;
Megathyrsus maximus;
Momordica charantia;
Andropogon gayanus;
Melinis minutiflora;
Urochloa brizantha;
Pinus elliottii;
Hovenia dulcis;
Phyllostachys bambusoides;
Pinus elliottii;
Eriobotrya japonica;
Hovenia dulcis;
Impatiens walleriana;
Pinus elliottii;
Christella dentata;
Hovenia dulcis;
Lonicera japonica;
Pinus taeda;
Ulex europaeus;
Melinis minutiflora;
Calotropis procera;
Cryptostegia grandiflora;
Cryptostegia madagascariensis;
Acacia mangium;
Leucaena leucocephala;
Melinis minutiflora;
Muntingia calabura;
Neustanthus phaseoloides;
Urochloa eminii;
Eucalyptus viminalis;
Pinus elliottii;
Pinus taeda;
Mangifera indica;
Azadirachta indica;
Citrus limon;
Citrus sinensis;
Coffea arabica;
Kalanchoe pinnata;
Leucaena leucocephala;
Mangifera indica;
Momordica charantia;
Murraya paniculata;
Opuntia ficus-indica;
Persea americana;
Psidium guajava;
Ricinus communis;
Sicyos edulis;
Syzygium cumini;
Tithonia diversifolia;
Mangifera indica;
Urochloa humidicola;
Acacia mangium;
Artocarpus heterophyllus;
Bambusa vulgaris;
Cenchrus echinatus;
Corymbia citriodora;
Delonix regia;
Elaeis guineensis;
Eucalyptus grandis;
Leucaena leucocephala;
Mangifera indica;
Pinus elliottii;
Psidium guajava;
Ricinus communis;
Syzygium cumini;
Terminalia catappa;
Leucaena leucocephala;
Psidium guajava;
Megathyrsus maximus;
Agave americana;
Begonia ulmifolia;
Leucaena leucocephala;
Mikania cordifolia;
Mimusops balata;
Paspalum millegrana;
Syzygium cumini;
Terminalia catappa;
Ceratium furcoides;
Calotropis procera;
Hedychium coronarium;
Hyparrhenia rufa;
Mangifera indica;
Megathyrsus maximus;
Melinis minutiflora;
Ricinus communis;
Urochloa brizantha;
Artocarpus heterophyllus;
Leucaena leucocephala;
Megathyrsus maximus;
Melinis minutiflora;
Tithonia diversifolia;
Urena lobata;
Andropogon gayanus;
Hyparrhenia rufa;
Megathyrsus maximus;
Melinis minutiflora;
Urochloa brizantha;
Urochloa eminii;
Urochloa humidicola;
Cynodon dactylon;
Pinus elliottii;
Vachellia farnesiana;
Archontophoenix cunninghamiana;
Artocarpus heterophyllus;
Cenchrus purpureus;
Crocosmia crocosmiiflora;
Hedychium coronarium;
Impatiens walleriana;
Melinis minutiflora;
Morus nigra;
Musa ornata;
Pinus elliottii;
Psidium guajava;
Ricinus communis;
Rubus rosifolius;
Schefflera arboricola;
Syngonium podophyllum;
Terminalia catappa;
Urochloa eminii;
Zantedeschia aethiopica;
Cynodon dactylon;
Mangifera indica;
Megathyrsus maximus;
Melia azedarach;
Vachellia farnesiana;
Eucalyptus robusta;
Melinis minutiflora;
Melinis repens;
Pinus elliottii;
Urochloa brizantha;
Urochloa eminii;
Calotropis procera;
Mangifera indica;
Megathyrsus maximus;
Prosopis juliflora;
Vachellia farnesiana;
Artocarpus heterophyllus;
Mangifera indica;
Momordica charantia;
Andropogon gayanus;
Crocosmia crocosmiiflora;
Crotalaria spectabilis;
Hedychium coronarium;
Hyparrhenia rufa;
Leucaena leucocephala;
Mangifera indica;
Melinis minutiflora;
Psidium guajava;
Urochloa brizantha;
Urochloa eminii;
Agave sisalana;
Bambusa vulgaris;
Eucalyptus robusta;
Hedychium coronarium;
Mangifera indica;
Melinis minutiflora;
Phyllostachys aurea;
Christella dentata;
Deparia petersenii;
Hedychium coronarium;
Impatiens walleriana;
Melinis minutiflora;
Nephrolepis cordifolia;
Psidium guajava;
Rubus rosifolius;
Sicyos edulis;
Thunbergia alata;
Tithonia diversifolia;
Tradescantia zebrina;
Artocarpus heterophyllus;
Brillantaisia lamium;
Centella asiatica;
Citrus limon;
Citrus sinensis;
Cordyline fruticosa;
Eriobotrya japonica;
Hedychium coronarium;
Impatiens walleriana;
Magnolia champaca;
Mangifera indica;
Megathyrsus maximus;
Melinis minutiflora;
Morus nigra;
Musa ornata;
Nephrolepis cordifolia;
Persea americana;
Pilea cadierei;
Ricinus communis;
Rubus rosifolius;
Tithonia diversifolia;
Tradescantia zebrina;
Aleurites moluccanus;
Cirsium vulgare;
Citrus sinensis;
Corymbia citriodora;
Deparia petersenii;
Eriobotrya japonica;
Eucalyptus saligna;
Hedychium coronarium;
Hovenia dulcis;
Impatiens walleriana;
Melia azedarach;
Melinis minutiflora;
Morus nigra;
Pinus elliottii;
Pinus taeda;
Psidium guajava;
Rubus fruticosus;
Rubus rosifolius;
Rubus ulmifolius;
Ulex europaeus;
Aleurites moluccanus;
Artocarpus heterophyllus;
Bambusa vulgaris;
Coffea arabica;
Cordyline fruticosa;
Dracaena fragrans;
Eriobotrya japonica;
Eucalyptus robusta;
Mangifera indica;
Megathyrsus maximus;
Mimosa caesalpiniifolia;
Morus alba;
Morus nigra;
Oeceoclades maculata;
Hyparrhenia rufa;
Urochloa eminii;
Aleurites moluccanus;
Citrus sinensis;
Corymbia citriodora;
Deparia petersenii;
Eriobotrya japonica;
Eucalyptus saligna;
Hedychium coronarium;
Hovenia dulcis;
Impatiens walleriana;
Melia azedarach;
Melinis minutiflora;
Morus nigra;
Pinus elliottii;
Pinus taeda;
Psidium guajava;
Rubus fruticosus;
Rubus rosifolius;
Rubus ulmifolius;
Ulex europaeus;
Artocarpus heterophyllus;
Bambusa vulgaris;
Ricinus communis;
Agave americana;
Agave sisalana;
Andropogon gayanus;
Arundo donax;
Bambusa vulgaris;
Caryota urens;
Cenchrus pedicellatus;
Cenchrus purpureus;
Crotalaria spectabilis;
Cynodon dactylon;
Dracaena fragrans;
Elaeis guineensis;
Eucalyptus robusta;
Furcraea foetida;
Grevillea banksii;
Hyparrhenia rufa;
Leucaena leucocephala;
Mangifera indica;
Megathyrsus maximus;
Melinis minutiflora;
Oeceoclades maculata;
Peltophorum dubium;
Phyllostachys bambusoides;
Psidium guajava;
Sansevieria trifasciata;
Syzygium cumini;
Tecoma stans;
Tithonia diversifolia;
Urochloa brizantha;
Urochloa eminii;
Urochloa plantaginea;
Artocarpus heterophyllus;
Citrus limon;
Crocosmia crocosmiiflora;
Duranta erecta;
Eriobotrya japonica;
Hedychium coronarium;
Hovenia dulcis;
Impatiens walleriana;
Kalanchoe fedtschenkoi;
Lonicera japonica;
Mangifera indica;
Megathyrsus maximus;
Melinis minutiflora;
Mimosa caesalpiniifolia;
Persea americana;
Psidium guajava;
Rubus rosifolius;
Syzygium malaccense;
Terminalia catappa;
Urochloa eminii;
Citrus limon;
Citrus sinensis;
Grevillea robusta;
Impatiens walleriana;
Leucaena leucocephala;
Mangifera indica;
Megathyrsus maximus;
Melia azedarach;
Morus nigra;
Psidium guajava;
Urochloa brizantha;
Christella dentata;
Deparia petersenii;
Hedychium coronarium;
Impatiens walleriana;
Musa balbisiana;
Psidium guajava;
Rubus rosifolius;
Sansevieria trifasciata;
Urochloa mutica;
Urochloa plantaginea;
Cirsium vulgare;
Melia azedarach;
Pinus taeda;
Salix x rubens;
Aleurites moluccanus;
Artocarpus heterophyllus;
Corymbia citriodora;
Eucalyptus alba;
Eucalyptus camaldulensis;
Eucalyptus crebra;
Eucalyptus incrassata subsp angulosa;
Eucalyptus robusta;
Eucalyptus saligna;
Eucalyptus tereticornis;
Eucalyptus viminalis;
Mangifera indica;
Melinis minutiflora;
Psidium guajava;
Coffea arabica;
Jatropha curcas;
Persea americana;
Psidium guajava;
Prosopis juliflora;
Acacia auriculiformis;
Acacia mangium;
Christella dentata;
Elaeis guineensis;
Megathyrsus maximus;
Melinis minutiflora;
Mimosa caesalpiniifolia;
Cenchrus purpureus;
Christella dentata;
Cinnamomum verum;
Cirsium vulgare;
Citrus limon;
Citrus sinensis;
Cordyline fruticosa;
Deparia petersenii;
Epipremnum pinnatum;
Eriobotrya japonica;
Hedychium coronarium;
Hovenia dulcis;
Impatiens walleriana;
Leucaena leucocephala;
Ligustrum lucidum;
Mangifera indica;
Megathyrsus maximus;
Melia azedarach;
Monstera deliciosa;
Oeceoclades maculata;
Persea americana;
Pinus elliottii;
Psidium guajava;
Ricinus communis;
Sansevieria trifasciata;
Sicyos edulis;
Syngonium podophyllum;
Tradescantia zebrina;
Artocarpus heterophyllus;
Bambusa vulgaris;
Cenchrus purpureus;
Cirsium vulgare;
Citrus limon;
Coffea arabica;
Cupressus lusitanica;
Cyperus rotundus;
Dracaena fragrans;
Eriobotrya japonica;
Hedychium coronarium;
Hyparrhenia rufa;
Impatiens walleriana;
Mangifera indica;
Megathyrsus maximus;
Melinis minutiflora;
Morus alba;
Morus nigra;
Nephrolepis cordifolia;
Phyllostachys bambusoides;
Pinus elliottii;
Pinus taeda;
Psidium guajava;
Ricinus communis;
Rubus fruticosus;
Rubus rosifolius;
Sansevieria trifasciata;
Tradescantia zebrina;
Urochloa eminii;
Citrus limon;
Mangifera indica;
Psidium guajava;
Acacia mangium;
Artocarpus heterophyllus;
Elaeis guineensis;
Bambusa vulgaris;
Mangifera indica;
Urochloa subquadripara;
Bambusa vulgaris;
Casuarina equisetifolia;
Citrus limon;
Ficus microcarpa;
Furcraea foetida;
Melinis minutiflora;
Morus nigra;
Psidium guajava;
Ricinus communis;
Syzygium cumini;
Urochloa mutica;
Mangifera indica;
Urochloa brizantha;
Acacia mangium;
Leucaena leucocephala;
Melinis minutiflora;
Muntingia calabura;
Neustanthus phaseoloides;
Urochloa eminii;
Melinis minutiflora;
Urochloa brizantha;
Hedychium coronarium;
Oeceoclades maculata;
Neustanthus phaseoloides;
Schizolobium parahyba;
Arundo donax;
Azadirachta indica;
Calotropis procera;
Cenchrus purpureus;
Cenchrus setaceus;
Cissus verticillata;
Crotalaria retusa;
Euphorbia tirucalli;
Jatropha gossypiifolia;
Lantana camara;
Leucaena leucocephala;
Mangifera indica;
Megathyrsus maximus;
Melia azedarach;
Ricinus communis;
Terminalia catappa;
Tithonia diversifolia;
Vachellia farnesiana;
Calotropis procera;
Hedychium coronarium;
Terminalia catappa;
Acacia auriculiformis;
Acacia mangium;
Artocarpus heterophyllus;
Christella dentata;
Elaeis guineensis;
Megathyrsus maximus;
Mimosa caesalpiniifolia;
Urochloa eminii;
Casuarina equisetifolia;
Hedychium coronarium;
Pinus elliottii;
Pinus taeda;
Aristida adscensionis;
Calotropis procera;
Cryptostegia grandiflora;
Prosopis pallida;
Artocarpus heterophyllus;
Eucalyptus robusta;
Mangifera indica;
Prosopis juliflora;
Psidium guajava;
Ricinus communis;
Sansevieria trifasciata;
Tecoma stans;
Artocarpus heterophyllus;
Bambusa vulgaris;
Christella dentata;
Coix lacryma-jobi;
Cynodon dactylon;
Furcraea foetida;
Melinis minutiflora;
Persea americana;
Ricinus communis;
Eragrostis plana;
Melinis minutiflora;
Melinis repens;
Urochloa brizantha;
Urochloa eminii;
Casuarina equisetifolia;
Andropogon gayanus;
Hyparrhenia rufa;
Urochloa eminii;
Mangifera indica;
Hovenia dulcis;
Cynodon plectostachyus;
Hedychium coronarium;
Mangifera indica;
Megathyrsus maximus;
Melia azedarach;
Ricinus communis;
Urochloa eminii;
Urochloa plantaginea;
Casuarina equisetifolia;
Cenchrus clandestinus;
Terminalia catappa;
Coffea arabica;
Kalanchoe pinnata;
Artocarpus heterophyllus;
Bambusa vulgaris;
Elaeis guineensis;
Hedychium coronarium;
Mangifera indica;
Megathyrsus maximus;
Melinis minutiflora;
Psidium guajava;
Terminalia catappa;
Urena lobata;
Artocarpus heterophyllus;
Cenchrus purpureus;
Coffea arabica;
Dieffenbachia amoena;
Elaeis guineensis;
Mangifera indica;
Megathyrsus maximus;
Phyllostachys bambusoides;
Pinus caribaea;
Psidium guajava;
Syzygium cumini;
Syzygium jambos;
Syzygium malaccense;
Calotropis procera;
Psidium guajava;
Artocarpus heterophyllus;
Elaeis guineensis;
Tradescantia zebrina;
Artocarpus heterophyllus;
Elaeis guineensis;
Christella dentata;
Artocarpus heterophyllus;
Christella dentata;
Elaeis guineensis;
Mangifera indica;
Psidium guajava;
Mangifera indica;
Megathyrsus maximus;
Mangifera indica;
Psidium guajava;
Artocarpus heterophyllus;
Citrus sinensis;
Mangifera indica;
Psidium guajava;
Syzygium cumini;
Artocarpus heterophyllus;
Bambusa vulgaris;
Clitoria fairchildiana;
Hedychium coronarium;
Mangifera indica;
Melinis minutiflora;
Rubus rosifolius;
Syzygium cumini;
Artocarpus heterophyllus;
Elaeis guineensis;
Leucaena leucocephala;
Mangifera indica;
Megathyrsus maximus;
Sansevieria trifasciata;
Urochloa eminii;
Arundo donax;
Cenchrus purpureus;
Furcraea foetida;
Hedychium coronarium;
Megathyrsus maximus;
Melinis minutiflora;
Psidium guajava;
Terminalia catappa;
Urochloa mutica;
Mangifera indica;
Artocarpus heterophyllus;
Bambusa vulgaris;
Casuarina equisetifolia;
Hedychium coronarium;
Hyparrhenia rufa;
Megathyrsus maximus;
Melinis minutiflora;
Musa balbisiana;
Psidium guajava;
Terminalia catappa;
Urochloa eminii;
Azadirachta indica;
Calotropis procera;
Urochloa eminii;
Urochloa humidicola;
Calotropis procera;
Jatropha curcas;
Mangifera indica;
Persea americana;
Psidium guajava;
Ricinus communis;
Terminalia catappa;
Cenchrus echinatus;
Mangifera indica;
Elaeis guineensis;
Thunbergia alata;
Artocarpus heterophyllus;
Azadirachta indica;
Citrus sinensis;
Mangifera indica;
Persea americana;
